{
  "k": 5,
  "rmse": 0.9214680896227514,
  "mae": 0.7681890100355471
}